equipment;name;type;group
E1;ge-0/0/1;RJ45;access
E1;ge-0/0/2;RJ45;access
E1;ge-0/0/3;RJ45;access
E1;ge-0/0/4;RJ45;access
E1;ge-0/0/5;RJ45;access
E1;ge-0/0/6;RJ45;access
E1;ge-0/0/7;RJ45;access
E1;ge-0/0/8;RJ45;access
E1;ge-0/0/9;RJ45;access
E1;ge-0/0/10;RJ45;access
E1;ge-0/0/11;RJ45;access
E1;ge-0/0/12;RJ45;access
E1;ge-0/0/13;RJ45;access
E1;ge-0/0/14;RJ45;access
E1;ge-0/0/15;RJ45;access
E1;ge-0/0/16;RJ45;access
E1;ge-0/0/17;RJ45;access
E1;ge-0/0/18;RJ45;access
E1;ge-0/0/19;RJ45;access
E1;ge-0/0/20;RJ45;access
E1;ge-0/0/21;RJ45;access
E1;ge-0/0/22;RJ45;access
E1;ge-0/0/23;RJ45;access
E1;ge-0/0/24;RJ45;access
E1;xe-0/1/1;SFP+;uplink
E1;xe-0/1/2;SFP+;uplink
E1;mgmt;RJ45;management
E1;console;RJ45;management
E2;ge-0/0/1;RJ45;access
E2;ge-0/0/2;RJ45;access
E2;ge-0/0/3;RJ45;access
E2;ge-0/0/4;RJ45;access
E2;ge-0/0/5;RJ45;access
E2;ge-0/0/6;RJ45;access
E2;ge-0/0/7;RJ45;access
E2;ge-0/0/8;RJ45;access
E2;ge-0/0/9;RJ45;access
E2;ge-0/0/10;RJ45;access
E2;ge-0/0/11;RJ45;access
E2;ge-0/0/12;RJ45;access
E2;ge-0/0/13;RJ45;access
E2;ge-0/0/14;RJ45;access
E2;ge-0/0/15;RJ45;access
E2;ge-0/0/16;RJ45;access
E2;ge-0/0/17;RJ45;access
E2;ge-0/0/18;RJ45;access
E2;ge-0/0/19;RJ45;access
E2;ge-0/0/20;RJ45;access
E2;ge-0/0/21;RJ45;access
E2;ge-0/0/22;RJ45;access
E2;ge-0/0/23;RJ45;access
E2;ge-0/0/24;RJ45;access
E2;xe-0/1/1;SFP+;uplink
E2;xe-0/1/2;SFP+;uplink
E2;mgmt;RJ45;management
E2;console;RJ45;management
E3;mgmt;RJ45;management
E4;et-3/0/1;QSFP28;line
E4;et-3/0/2;QSFP28;line
E4;et-3/0/3;QSFP28;line
E4;et-3/0/4;QSFP28;line
E5;et-5/0/1;QSFP28;line
E5;et-5/0/2;QSFP28;line
E5;et-5/0/3;QSFP28;line
E5;et-5/0/4;QSFP28;line
E6;1;LC;front
E6;2;LC;front
E6;3;LC;front
E6;4;LC;front
E6;5;LC;front
E6;6;LC;front
E6;7;LC;front
E6;8;LC;front
E6;9;LC;front
E6;10;LC;front
E6;11;LC;front
E6;12;LC;front
E8;P01;;
E8;P02;;
E8;1;RJ45;
E8;2;RJ45;
E8;3;RJ45;
E8;4;RJ45;
E8;5;RJ45;
E8;6;RJ45;
E8;7;RJ45;
E8;8;RJ45;
E8;9;RJ45;
E8;10;RJ45;
E8;11;RJ45;
E8;12;RJ45;
E8;13;RJ45;
E8;14;RJ45;
E8;15;RJ45;
E8;16;RJ45;
E8;17;RJ45;
E8;18;RJ45;
E8;19;RJ45;
E8;20;RJ45;
E8;21;RJ45;
E8;22;RJ45;
E8;23;RJ45;
E8;24;RJ45;
E8;25;RJ45;
E8;26;RJ45;
E8;27;RJ45;
E8;28;RJ45;
E8;29;RJ45;
E8;30;RJ45;
E8;31;RJ45;
E8;32;RJ45;
E8;33;RJ45;
E8;34;RJ45;
E8;35;RJ45;
E8;36;RJ45;
E8;37;RJ45;
E8;38;RJ45;
E8;39;RJ45;
E8;40;RJ45;
E8;41;RJ45;
E8;42;RJ45;
E8;43;RJ45;
E8;44;RJ45;
E8;45;RJ45;
E8;46;RJ45;
E8;47;RJ45;
E8;48;RJ45;
E8;49;RJ45;
E8;50;RJ45;
E8;51;RJ45;
E8;52;RJ45;
E8;53;RJ45;
E8;54;RJ45;
E8;55;RJ45;
E8;56;RJ45;
E8;57;RJ45;
E8;58;RJ45;
E8;59;RJ45;
E8;60;RJ45;
